<?xml version="1.0" encoding="utf-8"?>
<feed xmlns="http://www.w3.org/2005/Atom">
    <title>Bolso Cheio Marketing</title>
    <link href="http://romantic-elion-542030.netlify.com/feed.xml" rel="self" />
    <link href="http://romantic-elion-542030.netlify.com" />
    <updated>2019-12-10T17:58:20-02:00</updated>
    <author>
        <name>Clayton Leite</name>
    </author>
    <id>http://romantic-elion-542030.netlify.com</id>

    <entry>
        <title>Como ganhar muito com o Mercado Pago em Dezembro de 2019: O Passo a Passo Completo</title>
        <author>
            <name>Clayton Leite</name>
        </author>
        <link href="http://romantic-elion-542030.netlify.com/como-ganhar-muito-com-o-mercado-pago-em-dezembro-de-2019-o-passo-a-passo-completo.html"/>
        <id>http://romantic-elion-542030.netlify.com/como-ganhar-muito-com-o-mercado-pago-em-dezembro-de-2019-o-passo-a-passo-completo.html</id>

        <updated>2019-12-05T10:19:02-02:00</updated>
            <summary>
                <![CDATA[
                     Com certeza você já deve ter ouvido falar sobre o Mercado Pago, uma ótima ferramenta de pagamentos e recebimentos pela Internet que faz parte da gigante empresa responsável pelo Mercado Livre, mas você já ouviu falar sobre o sistema de Afiliados do Mercado Pago e&hellip;
                ]]>
            </summary>
        <content type="html">
            <![CDATA[
                <p id="mcetoc_1dravtdl50"><img class="post__image post__image--center" src="http://romantic-elion-542030.netlify.com/media/posts/2//mercado-pago-logo.png" alt="Logo do Mercado Pago" width="4096" height="1067"></p>
<p>Com certeza você já deve ter ouvido falar sobre o Mercado Pago, uma ótima ferramenta de pagamentos e recebimentos pela Internet que faz parte da gigante empresa responsável pelo Mercado Livre, mas você já ouviu falar sobre o sistema de <strong>Afiliados do Mercado Pago</strong> e de como você pode <strong>ganhar muito dinheiro</strong> com esse segredo que poucos conhecem ?</p>
<h4 id="mcetoc_1dr8r69mi0">Como Funciona o Mercado Pago Afiliados ?</h4>
<p>Como qualquer sistema de Afiliados, você pode se filiar ao Mercado Pago e promover seus Produtos, como as Máquinas de Cartão, e em troca receber uma <strong>comissão de quase 90%</strong> por cada venda realizada, <strong>uma das melhores comissões de todo o mercado!</strong></p>
<p><img class="post__image post__image--center" src="http://romantic-elion-542030.netlify.com/media/posts/2//Mercado-Pago-Afiliado-Info.png" alt="" width="510" height="376"></p>
<p>Mas é ai que entra o <strong>Segredo</strong>, com esse <strong>método pouco conhecido</strong> pelos Afiliados, as comissões podem ser ainda <strong>muito maiores</strong>, e é agora que eu vou te explicar como.</p>
<h4 id="mcetoc_1dr8rgo9d1">Como conseguir comissões 3 vezes maiores por cada venda ?</h4>
<p>No momento de afiliação ao Mercado Pago, você receberá um Cupom que, caso a outra pessoa compre por ele, você irá receber 50R$ de comissão (no caso das Máquinas de Cartão Point-Mini, vamos explicar mais sobre ela ainda nesse artigo), porém, o que poucos sabem é que <strong>você mesmo pode utilizar seu próprio cupom</strong>, mas apenas depois de comprar ao menos uma Máquina de Cartão.</p>
<p>Caso você utilizar seu Cupom antes de comprar a Máquina, o Mercado Pago entenderá que você está <strong>Fraudando</strong> a Compra das Máquinas e irá <strong>Cancelar</strong> sua Conta e <strong>bloquear</strong> seu CPF, sendo assim, você nunca mais vai poder criar uma conta no Mercado Pago utilizando o mesmo CPF que da última vez.</p>
<h4 id="mcetoc_1dr8s01il2">Então quando e como eu uso meu próprio Cupom ?</h4>
<p>Após comprar sua Máquina de Cartão por R$ 58,80 pelo <strong><a href="http://bit.ly/Desconto50RS" target="_blank" rel="noopener noreferrer">link</a></strong> disponibilizado aqui nesse Artigo, o Mercado Pago entenderá que agora você está apto para usar seu próprio Cupom, como se fosse uma Validação de que você é de fato uma pessoa real e um Vendedor Qualificado.</p>
<p>Além do mais, você consegue vender sua primeira máquina e recuperar o custo inicial de R$ 58,80 em no <strong>máximo 1 semana fácil</strong>, basta ter força de vontade! A Partir daí, <strong>tudo que vier é Lucro</strong>!</p>
<p><br><img class="post__image post__image--center" src="http://romantic-elion-542030.netlify.com/media/posts/2/Exemplo-Clayton.png" alt="" width="340" height="960"></p>
<p>Agora sim você pode comprar suas máquinas <strong>por apenas R$ 8,80</strong> e vender por mais de R$ 100 (<strong>R$ 91,20 de comissão!</strong>), além de que a maioria dos Clientes preferem alguém que tenha a Máquina a <strong>pronta entrega</strong> e que <strong>entenda como ela funciona</strong> (por isso a importância de comprar a Máquina), lembrando que você pode vender a máquina pelo<strong> preço que quiser</strong> e <strong>onde quiser</strong>!</p>
<h4 id="mcetoc_1dr8tglnd5">O Passo a Passo</h4>
<p><strong>1° Passo - </strong>Compre a Máquina de Cartão Point Mini do Mercado Pago por 58,80 (Desconto de 60R$) <strong>clicando <a href="http://bit.ly/Desconto50RS" target="_blank" rel="noopener noreferrer">aqui</a>:</strong></p>
<p><img class="post__image post__image--center" src="http://romantic-elion-542030.netlify.com/media/posts/2/Exemplo-1.jpg" alt="" width="259" height="433"></p>
<p><strong>2° Passo - </strong>Se torne Afiliado do Mercado Pago e receba seu próprio <strong>Cupom</strong></p>
<p><img class="post__image post__image--center" src="http://romantic-elion-542030.netlify.com/media/posts/2//Exemplo-2.png" alt="" width="259" height="443"></p>
<p><strong>3° Passo - </strong>Compre as próximas Máquinas utilizando o seu próprio Cupom, assim você irá conseguir um <strong>desconto de R$ 60</strong>, irá pagar R$ 58,80 na Máquina e <strong>irá receber de volta</strong> logo em seguida <strong>R$ 50 de comissão</strong> por ter comprado com seu próprio Cupom, sendo assim, R$ 58,80 - R$ 50 = <strong>R$ 8,80 por Máquina</strong>.</p>
<p><img class="post__image post__image--center" src="http://romantic-elion-542030.netlify.com/media/posts/2//50Rdollar-de-Presente.png" alt="" width="259" height="758"></p>
<p><strong>4° Passo - </strong>Anuncie as máquinas que você comprou em <strong>Grupos de Facebook</strong> da sua Região pelo <strong>preço que quiser</strong>, para isso eu <strong>vou deixar para você</strong> alguns <strong>banners</strong> feitos especialmente para <strong>ajudar</strong> nas vendas pelo Facebook e outras Redes Sociais, você também pode ir em estabelecimentos que precisem de Máquinas de Cartão e oferecer suas máquinas.</p>
<p>Para baixar os Banners <strong>clique <a href="https://www.mercadopago.com.br/convide-e-ganhe/kit" target="_blank" rel="noopener noreferrer">aqui</a></strong> (Lembrando que caso queira vender por um preço diferente do que está no Banner, basta acessar o site do Canva ou qualquer outro editor de imagens e inserir o preço que quiser, sinta-se livre para qualquer alteração) </p>
<h4 id="mcetoc_1dr8u9r4m7">A Máquina Mercado Pago Point Mini, como ela funciona ? </h4>
<p>Para você conseguir fazer <strong>várias vendas</strong>, é bom que você <strong>saiba tudo</strong> sobre a Máquina, assim qualquer dúvida que algum cliente tiver você pode exclarecer no exato momento e <strong>não perder nenhuma venda</strong>.</p>
<p> </p>
<img class="post__image post__image--center" src="http://romantic-elion-542030.netlify.com/media/posts/2/Mercado-Pago-info-1.png" alt="" width="1004" height="298">
<ol>
<li><strong>A Máquina não Possuí Mensalidade</strong></li>
<li><strong>Você pode optar por receber o dinheiro em Crédito na Hora (Taxa de 4,74%), em 15 dias (Taxa de 3,79%) ou em 30 dias (Taxa de 3,03%)</strong></li>
<li><strong>Você recebe o dinheiro em Débido na hora (Taxa de 1,99%)</strong></li>
<li><strong>Comprovante da Compra enviado pelo e-mail e SMS</strong></li>
<li><strong>Precisa do Celular para Funcionar</strong></li>
<li><strong>Não é necessário ter Conta Bancária</strong></li>
<li><strong>Possibilidade de Emprestimo depois de 3 meses de Uso</strong></li>
<li><strong>Aceita Pagamentos Parcelados em até 12x</strong></li>
<li><strong>Aceitas as Bandeiras: Visa, MasterCard, HiperCard, American Express, Elo e Dinner's Club</strong></li>
<li><strong>3 Anos de Garantia</strong></li>
</ol>
<p><img class="post__image post__image--center" src="http://romantic-elion-542030.netlify.com/media/posts/2/Point-Mini.png" alt="Para mais informações acesse o site oficial do Mercado Pago" width="289" height="336"></p>
<h4 id="mcetoc_1dr93tjp38">Bonûs Especial</h4>
<p>Pra você que leu esse Artigo até aqui, como presente irei te enviar <strong>R$ 10 de desconto</strong> pelo Mercado Pago que podem ser usados em Compras, Pagamentos de Boletos, em Farmácias, Lanchonetes e muito mais, basta <strong>clicar <a href="http://bit.ly/Desconto10RS">aqui</a></strong>, com esse Brinde, é como se você pagasse <strong>apenas 48,80 na sua Primeira Máquina</strong>. </p>
<h4 id="mcetoc_1dr8scqn43"><strong><img class="post__image post__image--center" src="http://romantic-elion-542030.netlify.com/media/posts/2//Desconto-de-Rdollar10.png" alt="" width="595" height="272"></strong></h4>
<h4 id="mcetoc_1dr94jmli9">Vídeo Detalhado</h4>
<figure class="post__video"><iframe width="854" height="480" src="https://www.youtube.com/embed/guvZdChVi78" frameborder="0" allow="accelerometer; autoplay; encrypted-media; gyroscope; picture-in-picture" allowfullscreen="allowfullscreen"></iframe></figure>
<p><strong>Links Disponibilizados</strong></p>
<p>Desconto de 50R$: <a href="http://bit.ly/Desconto50RS">http://bit.ly/Desconto50RS</a></p>
<p>Desconto de 10R$: <a href="http://bit.ly/Desconto10RS">http://bit.ly/Desconto10RS</a></p>
<p>Banners para Download: <a href="https://www.mercadopago.com.br/convide-e-ganhe/kit">https://www.mercadopago.com.br/convide-e-ganhe/kit</a></p>
<p>Meu Whastapp: </p>
            ]]>
        </content>
    </entry>
</feed>
