[
    {
        "path": "404.html",
        "type": "file",
        "md5": "854b07a584c2a51fe420d764097303f2"
    },
    {
        "path": "assets",
        "type": "directory",
        "md5": false
    },
    {
        "path": "assets/css",
        "type": "directory",
        "md5": false
    },
    {
        "path": "/assets/css/editor.css",
        "type": "file",
        "md5": "4202808df745f2ac7ab250606fa0d272"
    },
    {
        "path": "/assets/css/main.css",
        "type": "file",
        "md5": "3723af0ed16b7d7368193b2fca23132c"
    },
    {
        "path": "/assets/css/photoswipe.css",
        "type": "file",
        "md5": "7331f6eb15671b2fc8e3ffd46e849f7b"
    },
    {
        "path": "/assets/css/style.css",
        "type": "file",
        "md5": "1f7ddc2a2dd0d65c27f7465f66eb9f33"
    },
    {
        "path": "assets/js",
        "type": "directory",
        "md5": false
    },
    {
        "path": "/assets/js/lazysizes.min.js",
        "type": "file",
        "md5": "6a69d476c93de2b78a72acb259abccea"
    },
    {
        "path": "/assets/js/ls.parent-fit.min.js",
        "type": "file",
        "md5": "f8467455ea5c88e3e51a4f212d2632bd"
    },
    {
        "path": "/assets/js/photoswipe-ui-default.min.js",
        "type": "file",
        "md5": "aafb02c13ce2b295ff34a8ac0db67cbb"
    },
    {
        "path": "/assets/js/photoswipe.min.js",
        "type": "file",
        "md5": "9c62086e50d89a9b6a29389a70ee0d65"
    },
    {
        "path": "/assets/js/scripts.js",
        "type": "file",
        "md5": "b00814b406ac7700d941b23e08c545b0"
    },
    {
        "path": "/assets/js/scripts.min.js",
        "type": "file",
        "md5": "205f40927e4a45297a0b266e50ad78d5"
    },
    {
        "path": "/assets/js/svg-fix.js",
        "type": "file",
        "md5": "9b7d020c55e2b4f77ab40c97f88f9ff4"
    },
    {
        "path": "/assets/js/svg2js.js",
        "type": "file",
        "md5": "2edce17568ef29c308f3d0e28c9c7a06"
    },
    {
        "path": "assets/svg",
        "type": "directory",
        "md5": false
    },
    {
        "path": "/assets/svg/gallery-icons-dark.svg",
        "type": "file",
        "md5": "b40f17fabcda1519011795fa715c5751"
    },
    {
        "path": "/assets/svg/gallery-icons-light.svg",
        "type": "file",
        "md5": "ae5b8ffffb37a64a9be016441a42d939"
    },
    {
        "path": "/assets/svg/search.svg",
        "type": "file",
        "md5": "a5bb83b82b98f41b359f20dbf9db6e44"
    },
    {
        "path": "/assets/svg/svg-map.svg",
        "type": "file",
        "md5": "63bac2a8e88021dd997efbd9d8271be2"
    },
    {
        "path": "authors",
        "type": "directory",
        "md5": false
    },
    {
        "path": "authors/clayton-leite",
        "type": "directory",
        "md5": false
    },
    {
        "path": "/authors/clayton-leite/index.html",
        "type": "file",
        "md5": "5e67350bdd6308002f2c117f48939649"
    },
    {
        "path": "como-ganhar-muito-com-o-mercado-pago-em-dezembro-de-2019-o-passo-a-passo-completo.html",
        "type": "file",
        "md5": "732aad18b8f4cc1d751cabec514099b9"
    },
    {
        "path": "feed.json",
        "type": "file",
        "md5": "7e8699f16c1e7aeb03d2afaaa6bd1f61"
    },
    {
        "path": "feed.xml",
        "type": "file",
        "md5": "bc93e05ee3b9dac51a2e1858ca9397dd"
    },
    {
        "path": "index.html",
        "type": "file",
        "md5": "e24943f517fac9b348febbef77479b40"
    },
    {
        "path": "media",
        "type": "directory",
        "md5": false
    },
    {
        "path": "media/files",
        "type": "directory",
        "md5": false
    },
    {
        "path": "media/posts",
        "type": "directory",
        "md5": false
    },
    {
        "path": "media/posts/2",
        "type": "directory",
        "md5": false
    },
    {
        "path": "/media/posts/2/50Rdollar-de-Presente.png",
        "type": "file",
        "md5": "9bde79c131db087642a4751a2c188b56"
    },
    {
        "path": "/media/posts/2/Desconto-de-Rdollar10.png",
        "type": "file",
        "md5": "a1b276f824146f07aca6b25d8f96ca11"
    },
    {
        "path": "/media/posts/2/Exemplo-1.jpg",
        "type": "file",
        "md5": "696e6552ac30cc238d7ba6489d962621"
    },
    {
        "path": "/media/posts/2/Exemplo-2.png",
        "type": "file",
        "md5": "662f1835dfc5ebd4cc13700249176a68"
    },
    {
        "path": "/media/posts/2/Exemplo-Clayton.png",
        "type": "file",
        "md5": "3de51756017671053c64cf75dce3ad42"
    },
    {
        "path": "/media/posts/2/Mercado-Pago-Afiliado-Info.png",
        "type": "file",
        "md5": "6016e42291a2361925770694d64b9fb9"
    },
    {
        "path": "/media/posts/2/Mercado-Pago-info-1.png",
        "type": "file",
        "md5": "be474f5ee08a46db672064455e2c39f5"
    },
    {
        "path": "/media/posts/2/mercado-pago-logo.png",
        "type": "file",
        "md5": "c95f2c813b8ecbe49973cb08e9e4bde8"
    },
    {
        "path": "/media/posts/2/Point-Mini.png",
        "type": "file",
        "md5": "cb94eb583af79cad86ba728c1bb370e4"
    },
    {
        "path": "media/posts/2/responsive",
        "type": "directory",
        "md5": false
    },
    {
        "path": "/media/posts/2/responsive/50Rdollar-de-Presente-2xl.png",
        "type": "file",
        "md5": "5f87cd77c771b8fb91bd54bbbeaaf1f5"
    },
    {
        "path": "/media/posts/2/responsive/50Rdollar-de-Presente-lg.png",
        "type": "file",
        "md5": "5f87cd77c771b8fb91bd54bbbeaaf1f5"
    },
    {
        "path": "/media/posts/2/responsive/50Rdollar-de-Presente-md.png",
        "type": "file",
        "md5": "5f87cd77c771b8fb91bd54bbbeaaf1f5"
    },
    {
        "path": "/media/posts/2/responsive/50Rdollar-de-Presente-sm.png",
        "type": "file",
        "md5": "5f87cd77c771b8fb91bd54bbbeaaf1f5"
    },
    {
        "path": "/media/posts/2/responsive/50Rdollar-de-Presente-xl.png",
        "type": "file",
        "md5": "5f87cd77c771b8fb91bd54bbbeaaf1f5"
    },
    {
        "path": "/media/posts/2/responsive/50Rdollar-de-Presente-xs.png",
        "type": "file",
        "md5": "dbfbaf5c839883065f1eeefaf266129b"
    },
    {
        "path": "/media/posts/2/responsive/Desconto-de-Rdollar10-2xl.png",
        "type": "file",
        "md5": "6150890ca8dcf45d096815e389f68758"
    },
    {
        "path": "/media/posts/2/responsive/Desconto-de-Rdollar10-lg.png",
        "type": "file",
        "md5": "6150890ca8dcf45d096815e389f68758"
    },
    {
        "path": "/media/posts/2/responsive/Desconto-de-Rdollar10-md.png",
        "type": "file",
        "md5": "6150890ca8dcf45d096815e389f68758"
    },
    {
        "path": "/media/posts/2/responsive/Desconto-de-Rdollar10-sm.png",
        "type": "file",
        "md5": "7f17b2abba19ceb1ce01585de372ed79"
    },
    {
        "path": "/media/posts/2/responsive/Desconto-de-Rdollar10-xl.png",
        "type": "file",
        "md5": "6150890ca8dcf45d096815e389f68758"
    },
    {
        "path": "/media/posts/2/responsive/Desconto-de-Rdollar10-xs.png",
        "type": "file",
        "md5": "f64931b7a364052a8c4018b29bcaa45f"
    },
    {
        "path": "/media/posts/2/responsive/Exemplo-1-2xl.jpg",
        "type": "file",
        "md5": "3eec037fdf175ac96aecccb8fedc11f8"
    },
    {
        "path": "/media/posts/2/responsive/Exemplo-1-lg.jpg",
        "type": "file",
        "md5": "3eec037fdf175ac96aecccb8fedc11f8"
    },
    {
        "path": "/media/posts/2/responsive/Exemplo-1-md.jpg",
        "type": "file",
        "md5": "3eec037fdf175ac96aecccb8fedc11f8"
    },
    {
        "path": "/media/posts/2/responsive/Exemplo-1-sm.jpg",
        "type": "file",
        "md5": "3eec037fdf175ac96aecccb8fedc11f8"
    },
    {
        "path": "/media/posts/2/responsive/Exemplo-1-xl.jpg",
        "type": "file",
        "md5": "3eec037fdf175ac96aecccb8fedc11f8"
    },
    {
        "path": "/media/posts/2/responsive/Exemplo-1-xs.jpg",
        "type": "file",
        "md5": "3eec037fdf175ac96aecccb8fedc11f8"
    },
    {
        "path": "/media/posts/2/responsive/Exemplo-2-2xl.png",
        "type": "file",
        "md5": "e8df0cf71eac571b4b79604397630698"
    },
    {
        "path": "/media/posts/2/responsive/Exemplo-2-lg.png",
        "type": "file",
        "md5": "e8df0cf71eac571b4b79604397630698"
    },
    {
        "path": "/media/posts/2/responsive/Exemplo-2-md.png",
        "type": "file",
        "md5": "e8df0cf71eac571b4b79604397630698"
    },
    {
        "path": "/media/posts/2/responsive/Exemplo-2-sm.png",
        "type": "file",
        "md5": "e8df0cf71eac571b4b79604397630698"
    },
    {
        "path": "/media/posts/2/responsive/Exemplo-2-xl.png",
        "type": "file",
        "md5": "e8df0cf71eac571b4b79604397630698"
    },
    {
        "path": "/media/posts/2/responsive/Exemplo-2-xs.png",
        "type": "file",
        "md5": "e8df0cf71eac571b4b79604397630698"
    },
    {
        "path": "/media/posts/2/responsive/Exemplo-Clayton-2xl.png",
        "type": "file",
        "md5": "fc19fa9ba494ddaaf41c524d54ab94f7"
    },
    {
        "path": "/media/posts/2/responsive/Exemplo-Clayton-lg.png",
        "type": "file",
        "md5": "fc19fa9ba494ddaaf41c524d54ab94f7"
    },
    {
        "path": "/media/posts/2/responsive/Exemplo-Clayton-md.png",
        "type": "file",
        "md5": "fc19fa9ba494ddaaf41c524d54ab94f7"
    },
    {
        "path": "/media/posts/2/responsive/Exemplo-Clayton-sm.png",
        "type": "file",
        "md5": "bb817643ddf87f0cc910e0ac81a6a3dc"
    },
    {
        "path": "/media/posts/2/responsive/Exemplo-Clayton-xl.png",
        "type": "file",
        "md5": "fc19fa9ba494ddaaf41c524d54ab94f7"
    },
    {
        "path": "/media/posts/2/responsive/Exemplo-Clayton-xs.png",
        "type": "file",
        "md5": "f67f3c89af34b48fbbd6e28b8918f728"
    },
    {
        "path": "/media/posts/2/responsive/Mercado-Pago-Afiliado-Info-2xl.png",
        "type": "file",
        "md5": "fc5c03e7b3abe1b66ab8e386af135a01"
    },
    {
        "path": "/media/posts/2/responsive/Mercado-Pago-Afiliado-Info-lg.png",
        "type": "file",
        "md5": "fc5c03e7b3abe1b66ab8e386af135a01"
    },
    {
        "path": "/media/posts/2/responsive/Mercado-Pago-Afiliado-Info-md.png",
        "type": "file",
        "md5": "fc5c03e7b3abe1b66ab8e386af135a01"
    },
    {
        "path": "/media/posts/2/responsive/Mercado-Pago-Afiliado-Info-sm.png",
        "type": "file",
        "md5": "d4e5628df5c9c6f3d0a747a881d83db3"
    },
    {
        "path": "/media/posts/2/responsive/Mercado-Pago-Afiliado-Info-xl.png",
        "type": "file",
        "md5": "fc5c03e7b3abe1b66ab8e386af135a01"
    },
    {
        "path": "/media/posts/2/responsive/Mercado-Pago-Afiliado-Info-xs.png",
        "type": "file",
        "md5": "edefd135a8cca37d4b5206aa0e2197cb"
    },
    {
        "path": "/media/posts/2/responsive/Mercado-Pago-info-1-2xl.png",
        "type": "file",
        "md5": "9bf20621a8178807e3660c2ad0d7af2f"
    },
    {
        "path": "/media/posts/2/responsive/Mercado-Pago-info-1-lg.png",
        "type": "file",
        "md5": "9bf20621a8178807e3660c2ad0d7af2f"
    },
    {
        "path": "/media/posts/2/responsive/Mercado-Pago-info-1-md.png",
        "type": "file",
        "md5": "975ccdabd1f66b0d102858ad41ca74ad"
    },
    {
        "path": "/media/posts/2/responsive/Mercado-Pago-info-1-sm.png",
        "type": "file",
        "md5": "44b82f37bc75d2674e3c6e1211fa2426"
    },
    {
        "path": "/media/posts/2/responsive/Mercado-Pago-info-1-xl.png",
        "type": "file",
        "md5": "9bf20621a8178807e3660c2ad0d7af2f"
    },
    {
        "path": "/media/posts/2/responsive/Mercado-Pago-info-1-xs.png",
        "type": "file",
        "md5": "b92e3ff238e9331545dc5ad3e589dd97"
    },
    {
        "path": "/media/posts/2/responsive/mercado-pago-logo-2xl.png",
        "type": "file",
        "md5": "dc6f2ec4b2e396a412e544e3c4955931"
    },
    {
        "path": "/media/posts/2/responsive/mercado-pago-logo-lg.png",
        "type": "file",
        "md5": "ca973ad5243b4858a2c20d798f1193a4"
    },
    {
        "path": "/media/posts/2/responsive/mercado-pago-logo-md.png",
        "type": "file",
        "md5": "a0417d77ef37f75c30c2c4716f3e2642"
    },
    {
        "path": "/media/posts/2/responsive/mercado-pago-logo-sm.png",
        "type": "file",
        "md5": "1a3a29df7de27428092e4f1dc8a245a1"
    },
    {
        "path": "/media/posts/2/responsive/mercado-pago-logo-xl.png",
        "type": "file",
        "md5": "42525c28dc9cfbe864d49b12304928b3"
    },
    {
        "path": "/media/posts/2/responsive/mercado-pago-logo-xs.png",
        "type": "file",
        "md5": "49abc7bcac7182b0ffdfe14c1573dde4"
    },
    {
        "path": "/media/posts/2/responsive/Point-Mini-2xl.png",
        "type": "file",
        "md5": "2873d4e38a497c74678e5c564816d2f5"
    },
    {
        "path": "/media/posts/2/responsive/Point-Mini-lg.png",
        "type": "file",
        "md5": "2873d4e38a497c74678e5c564816d2f5"
    },
    {
        "path": "/media/posts/2/responsive/Point-Mini-md.png",
        "type": "file",
        "md5": "2873d4e38a497c74678e5c564816d2f5"
    },
    {
        "path": "/media/posts/2/responsive/Point-Mini-sm.png",
        "type": "file",
        "md5": "2873d4e38a497c74678e5c564816d2f5"
    },
    {
        "path": "/media/posts/2/responsive/Point-Mini-xl.png",
        "type": "file",
        "md5": "2873d4e38a497c74678e5c564816d2f5"
    },
    {
        "path": "/media/posts/2/responsive/Point-Mini-xs.png",
        "type": "file",
        "md5": "2873d4e38a497c74678e5c564816d2f5"
    },
    {
        "path": "media/website",
        "type": "directory",
        "md5": false
    },
    {
        "path": "/media/website/Bolso-Cheio-Channel-Art.jpg",
        "type": "file",
        "md5": "2acf80d20bdf19f268e62a0e9bc1a925"
    },
    {
        "path": "/media/website/Bolso-Cheio-Logo-Full-PNG.png",
        "type": "file",
        "md5": "664158915b51c741ee707afd949de4d8"
    },
    {
        "path": "/media/website/Clayton-Leite.jpg",
        "type": "file",
        "md5": "9d61926b7adb76e2d3d92cbc967755ff"
    },
    {
        "path": "media/website/responsive",
        "type": "directory",
        "md5": false
    },
    {
        "path": "/media/website/responsive/Bolso-Cheio-Channel-Art-2xl.jpg",
        "type": "file",
        "md5": "5593d69887b135b2d700425363f886f9"
    },
    {
        "path": "/media/website/responsive/Bolso-Cheio-Channel-Art-lg.jpg",
        "type": "file",
        "md5": "39b9d1ba4b8d3ecf14d7751d442e2f17"
    },
    {
        "path": "/media/website/responsive/Bolso-Cheio-Channel-Art-md.jpg",
        "type": "file",
        "md5": "3f419d1d61ead411a1870a728622d46b"
    },
    {
        "path": "/media/website/responsive/Bolso-Cheio-Channel-Art-sm.jpg",
        "type": "file",
        "md5": "eae3374c45a1ff40442b2ec2776abcd2"
    },
    {
        "path": "/media/website/responsive/Bolso-Cheio-Channel-Art-xl.jpg",
        "type": "file",
        "md5": "d5406b9d9cdc6c1512f857979d43c839"
    },
    {
        "path": "/media/website/responsive/Bolso-Cheio-Channel-Art-xs.jpg",
        "type": "file",
        "md5": "484a68842c3a91a5019cffe2a0f622a6"
    },
    {
        "path": "/media/website/responsive/Bolso-Cheio-Logo-Full-PNG-2xl.png",
        "type": "file",
        "md5": "c81192b15b41e0243f8ecfca26598c5b"
    },
    {
        "path": "/media/website/responsive/Bolso-Cheio-Logo-Full-PNG-lg.png",
        "type": "file",
        "md5": "c81192b15b41e0243f8ecfca26598c5b"
    },
    {
        "path": "/media/website/responsive/Bolso-Cheio-Logo-Full-PNG-md.png",
        "type": "file",
        "md5": "c81192b15b41e0243f8ecfca26598c5b"
    },
    {
        "path": "/media/website/responsive/Bolso-Cheio-Logo-Full-PNG-sm.png",
        "type": "file",
        "md5": "98c36d4e0260c35ab3f92d79bb95b810"
    },
    {
        "path": "/media/website/responsive/Bolso-Cheio-Logo-Full-PNG-xl.png",
        "type": "file",
        "md5": "c81192b15b41e0243f8ecfca26598c5b"
    },
    {
        "path": "/media/website/responsive/Bolso-Cheio-Logo-Full-PNG-xs.png",
        "type": "file",
        "md5": "ffb37f58bcb7e33eb87c7d4352193733"
    },
    {
        "path": "/media/website/responsive/Clayton-Leite-2xl.jpg",
        "type": "file",
        "md5": "20c322e5974f1bc0f747fff51d55bc70"
    },
    {
        "path": "/media/website/responsive/Clayton-Leite-lg.jpg",
        "type": "file",
        "md5": "20c322e5974f1bc0f747fff51d55bc70"
    },
    {
        "path": "/media/website/responsive/Clayton-Leite-md.jpg",
        "type": "file",
        "md5": "7054de8885b8ca30a455710bd3cec833"
    },
    {
        "path": "/media/website/responsive/Clayton-Leite-sm.jpg",
        "type": "file",
        "md5": "6258374aa748f02b4bc7d30751aad51e"
    },
    {
        "path": "/media/website/responsive/Clayton-Leite-xl.jpg",
        "type": "file",
        "md5": "20c322e5974f1bc0f747fff51d55bc70"
    },
    {
        "path": "/media/website/responsive/Clayton-Leite-xs.jpg",
        "type": "file",
        "md5": "2dc4ca1ec672c7bc89e37f5a4129690d"
    },
    {
        "path": "search.html",
        "type": "file",
        "md5": "0f4c3b25ac45f841a9c5728d8054b23a"
    },
    {
        "path": "sitemap.xml",
        "type": "file",
        "md5": "aa0a541d88b2555fdfb1535d66998b49"
    },
    {
        "path": "sitemap.xsl",
        "type": "file",
        "md5": "03c2f9a7fdcc46ff05c435907614a0b8"
    },
    {
        "path": "_headers.txt",
        "type": "file",
        "md5": "7dc0310a8ba3469a5f22a25cfc958655"
    }
]